Trendsetting Tailors,+75799917464,India,12725₽,entry
Sleek Styles,+35312959491,Vanuatu,89722₽,office
Stellar Stitches,+98835297847,Uzbekistan,72675₽,signature
Elegant Ensembles,+91267288430,Croatia,24625₽,maintenance
Classy Collections,+72804462970,"Korea, South",72176₽,development
Modish Mannequins,+30441747125,Venezuela,73316₽,marriage
Body Bliss,+78489671915,United Arab Emirates,37615₽,definition
Makeup Maven,+29100333116,Venezuela,53243₽,employee
Classy Chic,+64883069707,Burkina Faso,22274₽,mode
Salon Suites,+19281582040,Seychelles,60807₽,assumption
Elegant Ensembles,+18775204498,Kuwait,12430₽,sample
Beauty Bar,+1870047870,Comoros,86041₽,cookie
Elegant Ensembles,+46125981504,Tanzania,84841₽,elevator
Nail Nook,+24501713886,Honduras,31768₽,community
Crisp Creations,+1788652347,Peru,73605₽,administration
Sleek Styles,+45586108562,Luxembourg,95516₽,contract
Refined Rags,+77196356369,Morocco,67147₽,hat
Fine Fabrics,+38462304159,Rwanda,51869₽,family
Classy Collections,+37295284896,Kosovo,66779₽,truth
Classy Chic,+29708323804,Panama,23023₽,cell
Nail Nook,+78787659749,Ghana,23858₽,departure
Beauty Bar,+47342375184,Malawi,26663₽,passenger
Modern Maven,+38870110540,Iraq,77815₽,signature
Beauty Bar,+54427981968,Bolivia,62158₽,employment
Sophisticated Sewing,+47610344658,Libya,36846₽,data
Crisp Creations,+74617304983,"Congo, Democratic Republic of the",56072₽,office
Lash Lounge,+32726182684,Spain,35084₽,stranger
Brow Boosters,+34196378700,Central African Republic,66524₽,context
Classy Collections,+94583453037,Niger,17196₽,signature
Fine Fabrics,+9834999516,Antigua and Barbuda,34277₽,sample
Sophisticated Sewing,+33722860966,Saint Kitts and Nevis,48637₽,revolution
Beauty Bar,+78625637736,Equatorial Guinea,67576₽,county
Dapper Designs,+61687629930,Philippines,60397₽,thanks
Haute Hues,+62266964678,Brunei,46160₽,series
Beauty Bar,+30881765869,Turkey,80900₽,preparation
Stellar Stitches,+33169816308,Australia,78532₽,proposal
Chic Couture,+76120444034,Namibia,57866₽,entry
Fashion Fusion,+20685325043,Austria,11277₽,maintenance
Fine Fabrics,+38846584450,Macedonia,11606₽,employment
Chic Boutique,+52426049332,Jordan,39882₽,basket
Crisp Creations,+97656179586,Sri Lanka,89531₽,steak
Sleek Styles,+652289839,Tanzania,25718₽,office
Salon Suites,+92182598658,China,28314₽,topic
Brow Boosters,+79644125953,Samoa,54165₽,contribution
Fashion Fusion,+92514835954,Montenegro,77167₽,steak
Skin Studio,+28359598943,Sudan,66981₽,steak
Classy Collections,+8367067047,Portugal,84015₽,definition
Refined Rags,+27149672790,Zambia,96656₽,cookie
Body Bliss,+96305193168,"Micronesia, Federated States of",17374₽,injury
Nail Nook,+37416220723,Saudi Arabia,23157₽,hat
Classy Collections,+21419094923,Lithuania,87301₽,republic
Glow Getter,+47465741425,South Sudan,54982₽,sample
Stellar Stitches,+59713951026,Haiti,69170₽,nature
Refined Rags,+96612427869,The Bahamas,95229₽,series
Glamour Galore,+77544774333,Afghanistan,59051₽,stranger
Salon Suites,+94772130611,Palau,98687₽,contribution
Elite Elegance,+53880842348,Nicaragua,92989₽,love
Body Bliss,+17416532537,United Kingdom,49699₽,departure
Modern Maven,+86288233068,Denmark,21152₽,pizza
Chic Couture,+7412730644,Nauru,88122₽,death
Haute Hues,+19878609622,Finland,99052₽,love
Chic Couture,+64489005201,Moldova,88272₽,classroom
Sleek Styles,+96269933446,Japan,13309₽,maintenance
Trendy Threads,+67663411750,Kenya,52372₽,distribution
Urban Upmarket,+3361421429,Rwanda,78193₽,departure
Refined Rags,+55137428644,Uruguay,69566₽,enthusiasm
Body Bliss,+18138541324,Bulgaria,98838₽,development
Stylish Silhouettes,+61298015744,Haiti,19148₽,advice
Sleek Styles,+61447450573,Thailand,85608₽,injury
Salon Suites,+62599390757,Ecuador,48531₽,tennis
Sleek Styles,+26374197248,Yemen,35880₽,pie
Stylish Silhouettes,+80765305377,Netherlands,39880₽,selection
Sophisticated Sewing,+26174890199,Slovakia,38711₽,newspaper
Salon Suites,+77134274667,Azerbaijan,22767₽,height
Smart Styles,+76799876487,Sao Tome and Principe,92277₽,description
Glamour Galore,+67665316394,Kuwait,53473₽,departure
Stellar Stitches,+36479950531,Laos,32464₽,construction
Skin Studio,+9746699366,Mongolia,20818₽,truth
Posh Patterns,+71755788821,Cameroon,27956₽,weakness
Stellar Stitches,+14873031923,Monaco,77039₽,map
Fashion Fusion,+69609056873,Australia,71499₽,construction
Modish Mannequins,+66547499029,Togo,11787₽,classroom
Makeup Maven,+39562917093,Philippines,85453₽,distribution
Beauty Bar,+5268594380,Haiti,59641₽,employment
Lash Lounge,+94105997224,Equatorial Guinea,94757₽,opinion
